seq_beneficiario;dt_inicio_direito;des_categoria;desc_entidade;val_redutor_teto;municipio;uf;dt_requerimento;dt_doc_completa;dt_deferimento;mes_deferimento;dias_uteis_concessao
186778;2024-04-11;FILHO(A);SECRETARIA DE EDUCACAO;3886,55;GUAICUI;MG;2024-04-11;2024-04-11;2025-01-09;Janeiro;196
186779;2024-04-11;CONJUGE;SECRETARIA DE EDUCACAO;3886,55;VARZEA DA PALMA;MG;2024-04-11;2024-04-11;2025-01-09;Janeiro;196
186948;2019-11-15;COMPANHEIRO(A);SECRETARIA DA EDUCACAO;3407,27;CATAGUASES;MG;2020-01-09;2025-02-03;2025-02-04;Fevereiro;2
187987;2024-06-16;CONJUGE;SECRETARIA DE EDUCACAO;1518,0;SABINOPOLIS;MG;2024-08-28;2025-01-28;2025-02-05;Fevereiro;7
188961;2025-01-02;FILHO(A) INVALIDO(A);SECRETARIA DA FAZENDA;7640,4;VARGINHA;MG;2024-06-07;2024-06-07;2025-01-02;Janeiro;150
189003;2024-12-18;CONJUGE;SECRETARIA DE EDUCACAO;1937,01;IGUATAMA;MG;2024-12-18;2024-12-26;2025-01-02;Janeiro;6
189004;2024-11-13;CONJUGE;DEPARTAMENTO DE EDIFICACOES E ESTRADAS DE RODAGEM;1793,53;MONTES CLAROS;MG;2024-12-18;2024-12-26;2025-01-02;Janeiro;6
189006;2024-11-02;CONJUGE;SECRETARIA DE EDUCACAO;1518,0;BELO HORIZONTE;MG;2024-12-10;2024-12-26;2025-01-02;Janeiro;6
189007;2024-12-02;CONJUGE;SECRETARIA DE EDUCACAO;2649,34;TRES CORACOES;MG;2024-12-02;2025-01-08;2025-01-08;Janeiro;1
189011;2024-11-07;CONJUGE;SECRETARIA DE JUSTICA E SEGURANCA PUBLICA;1518,0;RIBEIRAO DAS NEVES;MG;2024-12-26;2025-01-21;2025-01-24;Janeiro;4
189012;2024-12-23;CONJUGE;SECRETARIA DE EDUCACAO;1979,48;SABARA;MG;2024-12-23;2024-12-30;2025-01-02;Janeiro;4
189013;2024-12-23;FILHO(A);TRIBUNAL DE JUSTICA DO ESTADO DE MINAS GERAIS;4999,91;PIRANGA;MG;2024-12-23;2024-12-30;2025-01-02;Janeiro;4
189014;2024-12-09;CONJUGE;POLICIA CIVIL;26999,03;BELO HORIZONTE;MG;2024-12-23;2024-12-30;2025-01-02;Janeiro;4
189017;2024-11-25;CONJUGE;SECRETARIA DE EDUCACAO;1518,0;LAVRAS;MG;2024-12-05;2024-12-30;2025-01-02;Janeiro;4
189018;2024-12-08;CONJUGE;INSTITUTO DE PREVIDENCIA DOS SERVIDORES DO ESTADO DE MINAS GERAIS;2068,53;BELO HORIZONTE;MG;2024-12-23;2024-12-30;2025-01-02;Janeiro;4
189021;2024-12-14;CONJUGE;SECRETARIA DE SAUDE;6451,38;ALFENAS;MG;2024-12-27;2025-01-02;2025-01-02;Janeiro;1
189023;2024-12-18;CONJUGE;SECRETARIA DE ESTADO DE EDUCACAO;1518,0;OURO PRETO;MG;2024-12-18;2024-12-19;2025-01-02;Janeiro;11
189024;2024-11-27;CONJUGE;IPSEMG INSTITUTO PREVIDENCIA;2108,63;MURIAE;MG;2024-12-09;2024-12-09;2025-02-21;Fevereiro;55
189025;2024-10-06;CONJUGE;SECRETARIA DE ESTADO DE EDUCACAO;1518,0;BRAZOPOLIS;MG;2024-12-09;2024-12-30;2025-01-03;Janeiro;5
189027;2024-12-14;CONJUGE;SECRETARIA DE EDUCACAO;1518,0;ALMENARA;MG;2024-12-20;2024-12-27;2025-01-03;Janeiro;6
189028;2024-11-18;CONJUGE;SECRETARIA DE EDUCACAO;2624,35;UBERLANDIA;MG;2024-12-02;2024-12-18;2025-01-02;Janeiro;12
189029;2024-11-08;CONJUGE;TRIBUNAL DE JUSTICA DO ESTADO DE MINAS GERAIS;9704,42;BELO HORIZONTE;MG;2024-11-18;2024-11-22;2025-01-02;Janeiro;30
189030;2025-01-08;FILHO(A);SECRETARIA DE EDUCACAO;3036,0;SOBRALIA;MG;2024-12-18;2024-12-27;2025-01-08;Janeiro;9
189032;2024-12-10;CONJUGE;SECRETARIA DE EDUCACAO;3139,49;ITAJUBA;MG;2024-12-18;2024-12-20;2025-01-03;Janeiro;11
189033;2024-09-29;FILHO(A);SECRETARIA DE ESTADO DE EDUCACAO;2829,1;BURITIS;MG;2024-12-19;2024-12-30;2025-01-03;Janeiro;5
189034;2024-11-23;CONJUGE;SECRETARIA DE EDUCACAO;2837,3;CONGONHAS;MG;2024-12-27;2025-01-02;2025-01-03;Janeiro;2
189037;2024-11-07;CONJUGE;POLICIA CIVIL;7746,93;BELO HORIZONTE;MG;2024-12-27;2025-01-02;2025-01-03;Janeiro;2
189040;2024-11-14;CONJUGE;SECRETARIA DE ESTADO DE DESENVOLVIMENTO SOCIAL;1721,95;LAVRAS;MG;2024-12-20;2025-01-02;2025-01-03;Janeiro;2
189043;2024-09-24;FILHO(A);SECRETARIA DE EDUCACAO;2322,38;JOAO MONLEVADE;MG;2024-09-24;2025-01-13;2025-01-14;Janeiro;2
189045;2024-09-08;FILHO(A);SECRETARIA DE JUSTICA E SEGURANCA PUBLICA;2787,4;UNAI;MG;2024-12-05;2025-01-02;2025-01-07;Janeiro;4
189047;2024-12-12;CONJUGE;SECRETARIA DE EDUCACAO;2146,87;TOCANTINS;MG;2024-12-26;2025-01-03;2025-01-06;Janeiro;2
189049;2024-12-10;CONJUGE;SECRETARIA DE EDUCACAO;3676,62;ARINOS;MG;2024-12-30;2025-01-06;2025-01-06;Janeiro;1
189050;2024-12-17;CONJUGE;POLICIA CIVIL;14592,07;BELO HORIZONTE;MG;2024-12-17;2024-12-30;2025-01-06;Janeiro;6
189051;2024-11-15;CONJUGE;SECRETARIA DE EDUCACAO;5778,15;ITABIRITO;MG;2024-12-13;2025-01-06;2025-01-06;Janeiro;1
189052;2024-12-13;CONJUGE;POLICIA CIVIL;19742,06;ITABIRA;MG;2024-12-27;2025-01-06;2025-01-06;Janeiro;1
189053;2024-11-04;COMPANHEIRO(A);FHEMIG FUND HOSPITALAR EST MG;2215,68;TOCANTINS;MG;2024-12-20;2025-01-02;2025-01-09;Janeiro;6
189054;2024-11-04;FILHO(A);FHEMIG FUND HOSPITALAR EST MG;2215,68;TOCANTINS;MG;2024-12-21;2025-01-02;2025-01-09;Janeiro;6
189055;2024-12-13;CONJUGE;SECRETARIA DE EDUCACAO;3833,21;POCRANE;MG;2024-12-30;2024-12-30;2025-01-07;Janeiro;7
189056;2024-12-20;FILHO(A);UEMG UNIV EST DE MINAS GERAIS;1518,0;BELO HORIZONTE;MG;2024-12-20;2025-01-06;2025-01-07;Janeiro;2
189060;2024-12-21;CONJUGE;POLICIA CIVIL;13453,74;ITAIPAVA;ES;2025-01-02;2025-01-06;2025-01-07;Janeiro;2
189062;2024-12-01;CONJUGE;SECRETARIA DE EDUCACAO;4171,65;BELO HORIZONTE;MG;2024-12-20;2025-01-06;2025-01-07;Janeiro;2
189065;2024-11-24;CONJUGE;SECRETARIA DE EDUCACAO;1518,0;NOVA SERRANA;MG;2024-12-27;2025-01-07;2025-01-08;Janeiro;2
189066;2024-11-04;COMPANHEIRO(A);SECRETARIA DE EDUCACAO;2445,41;TEOFILO OTONI;MG;2024-12-16;2025-01-06;2025-01-09;Janeiro;4
189067;2024-10-05;CONJUGE;SECRETARIA DE EDUCACAO;2649,64;SANTO ANTONIO DO RETIRO;MG;2024-12-30;2025-01-07;2025-01-08;Janeiro;2
189068;2025-01-09;CONJUGE;TRIBUNAL DE JUSTICA DO ESTADO DE MINAS GERAIS;4999,91;PIRANGA;MG;2024-12-23;2024-12-30;2025-01-09;Janeiro;9
189069;2024-12-28;CONJUGE;POLICIA CIVIL;24353,46;BELO HORIZONTE;MG;2025-01-03;2025-01-06;2025-01-08;Janeiro;3
189070;2024-12-03;CONJUGE;SECRETARIA DE EDUCACAO;1518,0;RIACHO DOS MACHADOS;MG;2025-01-06;2025-01-08;2025-01-08;Janeiro;1
189073;2012-10-23;FILHO(A) INVALIDO(A);DER-DEP.ESTRADAS E RODAGEM MG;2994,9;;;2012-10-23;2012-10-23;2025-01-08;Janeiro;3187
189074;2024-12-09;CONJUGE;DEPARTAMENTO DE EDIFICACOES E ESTRADAS DE RODAGEM;1870,4;PARA DE MINAS;MG;2025-01-06;2025-01-08;2025-01-09;Janeiro;2
189076;2024-10-20;COMPANHEIRO(A);TRIBUNAL DE CONTAS DO ESTADO DE MINAS GERAIS;22994,12;BELO HORIZONTE;MG;2024-11-25;2025-01-08;2025-01-09;Janeiro;2
189077;2024-12-13;CONJUGE;SECRETARIA DE EDUCACAO;5404,5;JUIZ DE FORA;MG;2025-01-06;2025-01-09;2025-01-09;Janeiro;1
189080;2024-11-25;CONJUGE;TRIBUNAL DE JUSTICA DO ESTADO DE MINAS GERAIS;32573,49;MONTES CLAROS;MG;2024-12-23;2025-01-07;2025-01-10;Janeiro;4
189084;2022-11-17;COMPANHEIRO(A);TRIBUNAL DE JUSTICA DO ESTADO DE MINAS GERAIS;10979,42;UBERLANDIA;MG;2023-02-01;2025-01-08;2025-01-09;Janeiro;2
189085;2022-07-18;COMPANHEIRO(A);SECRETARIA DE ESTADO DE PLANEJAMENTO E GESTAO;3814,24;ARCOS;MG;2022-07-18;2025-01-08;2025-01-10;Janeiro;3
189086;2024-11-09;COMPANHEIRO(A);DEPARTAMENTO DE ESTRADAS DE RODAGEM DO ESTADO DE MINAS GERAIS - DER-MG;1793,53;MARTINHO CAMPOS;MG;2024-11-29;2025-01-08;2025-01-10;Janeiro;3
189089;2024-12-05;CONJUGE;SECRETARIA DE EDUCACAO;1518,0;VARGINHA;MG;2024-12-20;2025-01-06;2025-01-10;Janeiro;5
189091;2022-03-19;CONJUGE;SECRETARIA DA EDUCACAO;1518,0;CARAI;MG;2022-03-31;2025-01-09;2025-01-10;Janeiro;2
189092;2024-10-12;CONJUGE;SECRETARIA DE EDUCACAO;1518,0;JANAUBA;MG;2024-01-06;2025-01-09;2025-01-10;Janeiro;2
189093;2024-12-26;CONJUGE;SECRETARIA DE EDUCACAO;2757,7;LAGOA DA PRATA;MG;2025-01-07;2025-01-10;2025-01-13;Janeiro;2
189094;2024-11-14;CONJUGE;SEC DE PLANEJAMENTO E GESTAO;3038,92;CONTAGEM;MG;2025-01-06;2025-01-10;2025-01-10;Janeiro;1
189096;2023-04-13;COMPANHEIRO(A);SECRETARIA DA EDUCACAO;1518,0;CAMBUI;MG;2023-04-13;2023-04-13;2025-01-10;Janeiro;457
189097;2024-10-14;CONJUGE;SECRETARIA DE SAUDE;1518,0;ARAPUTANGA;MT;2025-01-08;2025-01-10;2025-01-13;Janeiro;2
189098;2024-09-15;CONJUGE;SECRETARIA DE EDUCACAO;2728,73;SETE LAGOAS;MG;2024-10-31;2025-01-10;2025-01-14;Janeiro;3
189099;2025-01-17;FILHO(A);SECRETARIA DE ESTADO DE EDUCACAO;1518,0;BRAZOPOLIS;MG;2024-11-12;2024-10-21;2025-01-17;Janeiro;65
189100;2024-06-24;COMPANHEIRO(A);SECRETARIA DE EDUCACAO;2111,85;CONTAGEM;MG;2024-06-24;2025-01-08;2025-01-16;Janeiro;7
189101;2024-11-26;CONJUGE;SECRETARIA DE EDUCACAO;1958,11;SAO FRANCISCO DO GLORIA;MG;2024-12-20;2025-01-08;2025-01-13;Janeiro;4
189104;2023-08-18;COMPANHEIRO(A);SECRETARIA DA EDUCACAO;2579,78;ARAGUARI;MG;2023-09-28;2025-01-08;2025-01-13;Janeiro;4
189105;2024-11-30;CONJUGE;TRIBUNAL DE JUSTICA DO ESTADO DE MINAS GERAIS;31055,49;UBA;MG;2025-01-09;2025-01-13;2025-01-14;Janeiro;2
189106;2024-12-09;COMPANHEIRO(A);SECRETARIA DE EDUCACAO;4395,52;RIO CASCA;MG;2024-12-09;2025-01-10;2025-01-13;Janeiro;2
189108;2024-12-01;CONJUGE;SECRETARIA DE ESTADO DE FAZENDA DE MINAS GERAIS;3292,65;BELO HORIZONTE;MG;2025-01-02;2025-01-14;2025-01-14;Janeiro;1
189111;2024-10-31;CONJUGE;SECRETARIA DE EDUCACAO;4032,75;SANTA CRUZ DE SALINAS;MG;2024-12-19;2025-01-02;2025-01-14;Janeiro;9
189112;2024-11-16;CONJUGE;SECRETARIA DE JUSTICA E SEGURANCA PUBLICA;3178,1;RIBEIRAO DAS NEVES;MG;2024-12-12;2025-01-13;2025-01-14;Janeiro;2
189113;2024-11-23;CONJUGE;SECRETARIA DE EDUCACAO;3897,22;PAULA CANDIDO;MG;2025-01-10;2025-01-13;2025-01-17;Janeiro;5
189114;2024-12-19;CONJUGE;SECRETARIA DE EDUCACAO;4750,87;CAMANDUCAIA;MG;2025-01-09;2025-01-27;2025-01-27;Janeiro;1
189115;2024-12-16;CONJUGE;SECRETARIA DE ESTADO DE EDUCACAO;5838,21;PATROCINIO;MG;2025-01-06;2025-01-14;2025-01-15;Janeiro;2
189116;2024-12-24;CONJUGE;SECRETARIA DE ESTADO DE SAUDE;3495,47;CONSELHEIRO LAFAIETE;MG;2025-01-09;2025-01-13;2025-01-14;Janeiro;2
189117;2025-01-03;CONJUGE;SECRETARIA DE EDUCACAO;7749,34;GARAPUAVA;MG;2025-01-10;2025-01-14;2025-01-15;Janeiro;2
189118;2025-01-17;CONJUGE;SECRETARIA DE JUSTICA E SEGURANCA PUBLICA;3957,2;JUIZ DE FORA;MG;2023-10-23;2025-01-14;2025-01-17;Janeiro;4
189120;2024-07-31;FILHO(A) INVALIDO(A);SECRETARIA DA AGRICULTURA;2088,44;SAO SEBASTIAO DO PARAISO;MG;2024-08-14;2024-08-14;2025-01-15;Janeiro;111
189121;2024-10-09;CONJUGE;TRIBUNAL DE JUSTICA DO ESTADO DE MINAS GERAIS;11621,86;BELO HORIZONTE;MG;2024-11-05;2024-12-19;2025-01-14;Janeiro;19
189122;2024-07-30;CONJUGE;SECRETARIA DE JUSTICA E SEGURANCA PUBLICA;9221,94;BETIM;MG;2024-08-28;2024-11-08;2025-01-14;Janeiro;48
189123;2024-10-01;CONJUGE;SECRETARIA DE EDUCACAO;6283,14;BELO HORIZONTE;MG;2024-10-24;2024-11-13;2025-01-14;Janeiro;45
189128;2024-12-07;CONJUGE;FUNDACAO HOSPITALAR DO ESTADO DE MINAS GERAIS - FHEMIG;6313,31;BELO HORIZONTE;MG;2025-01-13;2025-01-15;2025-01-15;Janeiro;1
189131;2024-09-10;CONJUGE;SECRETARIA DE EDUCACAO;1640,13;CURVELO;MG;2024-12-06;2025-01-09;2025-01-15;Janeiro;5
189133;2024-08-25;PAI OU MAE;SECRETARIA DE EDUCACAO;1518,0;PATOS DE MINAS;MG;2024-10-15;2024-10-15;2025-01-16;Janeiro;68
189134;2024-12-21;CONJUGE;ADVOCACIA GERAL DO ESTADO;31756,09;SANTA LUZIA;MG;2025-01-13;2025-01-15;2025-01-16;Janeiro;2
189143;2024-12-06;CONJUGE;SECRETARIA DE EDUCACAO;2875,54;CORONEL MURTA;MG;2025-01-09;2025-01-15;2025-01-16;Janeiro;2
189144;2024-12-26;CONJUGE;SECRETARIA DE EDUCACAO;4703,8;BELO HORIZONTE;MG;2025-01-14;2025-01-16;2025-01-16;Janeiro;1
189146;2025-01-04;CONJUGE;SECRETARIA DE EDUCACAO;4150,54;BELO HORIZONTE;MG;2025-01-13;2025-01-15;2025-01-20;Janeiro;4
189147;2024-11-19;CONJUGE;IEF INST EST DE FLORESTAS;1824,71;ASTOLFO DUTRA;MG;2025-01-13;2025-01-15;2025-01-16;Janeiro;2
189149;2024-12-26;CONJUGE;IGAM INST DE GESTAO DAS AGUAS;5052,58;BELO HORIZONTE;MG;2025-01-14;2025-01-16;2025-01-16;Janeiro;1
189150;2024-12-23;CONJUGE;SECRETARIA DE EDUCACAO;7244,32;IGARAPE;MG;2024-12-30;2025-01-17;2025-01-17;Janeiro;1
189151;2024-12-08;CONJUGE;SECRETARIA DE EDUCACAO;3769,25;CURVELO;MG;2024-12-20;2025-01-16;2025-01-16;Janeiro;1
189154;2024-11-22;CONJUGE;SECRETARIA DE EDUCACAO;1518,0;RIO ESPERA;MG;2024-12-23;2025-01-16;2025-01-16;Janeiro;1
189156;2024-12-20;CONJUGE;SECRETARIA DE ESTADO DE EDUCACAO;5604,65;MONTES CLAROS;MG;2025-01-13;2025-01-15;2025-01-17;Janeiro;3
189158;2024-12-03;CONJUGE;SECRETARIA DE EDUCACAO;5055,78;SAO SEBASTIAO DO PARAISO;MG;2024-12-26;2025-01-16;2025-01-17;Janeiro;2
189159;2024-12-06;CONJUGE;SECRETARIA DA FAZENDA;15569,63;GUANHAES;MG;2024-12-19;2025-01-17;2025-01-17;Janeiro;1
189161;2024-11-02;CONJUGE;SECRETARIA DE EDUCACAO;1958,11;CARATINGA;MG;2024-12-19;2025-01-17;2025-01-17;Janeiro;1
189162;2024-12-30;CONJUGE;SECRETARIA DE EDUCACAO;2624,82;CONTAGEM;MG;2025-01-15;2025-01-17;2025-01-20;Janeiro;2
189163;2024-12-20;CONJUGE;SECRETARIA DE EDUCACAO;1518,0;JUSTINOPOLIS;MG;2024-12-27;2025-01-17;2025-01-20;Janeiro;2
189164;2024-10-29;CONJUGE;SECRETARIA DE EDUCACAO;2816,07;JAMPRUCA;MG;2025-01-15;2025-01-17;2025-01-20;Janeiro;2
189167;2024-11-17;COMPANHEIRO(A);SECRETARIA DE EDUCACAO;2826,14;ITABIRA;MG;2025-01-09;2025-01-14;2025-01-20;Janeiro;5
189169;2024-11-12;CONJUGE;SECRETARIA DE EDUCACAO;1518,0;BELO HORIZONTE;MG;2024-12-26;2025-01-17;2025-01-20;Janeiro;2
189172;2024-09-28;CONJUGE;TRIBUNAL DE JUSTICA DO ESTADO DE MINAS GERAIS;31394,35;BELO HORIZONTE;MG;2024-12-12;2025-01-17;2025-01-20;Janeiro;2
189173;2024-11-21;CONJUGE;SECRETARIA DE EDUCACAO;2161,39;NOVA ERA;MG;2025-01-15;2025-01-17;2025-01-21;Janeiro;3
189175;2024-12-26;CONJUGE;SEC DE PLANEJAMENTO E GESTAO;3858,76;ALVINOPOLIS;MG;2025-01-09;2025-01-17;2025-01-20;Janeiro;2
189176;2025-01-20;COMPANHEIRO(A);PREFEITURA MUNICIPAL DE CORONEL FABRICIANO;1518,0;CORONEL FABRICIANO;MG;2024-11-14;2024-12-26;2025-01-20;Janeiro;18
189177;2024-09-06;CONJUGE;SECRETARIA DA FAZENDA;34642,79;UNAI;MG;2024-10-18;2024-12-02;2025-01-21;Janeiro;37
189178;2024-11-08;CONJUGE;SECRETARIA DE EDUCACAO;2385,78;UBERLANDIA;MG;2025-01-15;2025-01-17;2025-01-20;Janeiro;2
189179;2025-01-08;CONJUGE;SECRETARIA DE EDUCACAO;2091,73;CRUCILANDIA;MG;2025-01-16;2025-01-20;2025-01-21;Janeiro;2
189180;2024-12-24;CONJUGE;ASSEMBLEIA LEGISLATIVA DO ESTADO DE MINAS GERAIS;30512,19;BELO HORIZONTE;MG;2025-01-08;2025-01-20;2025-01-24;Janeiro;5
189182;2025-01-15;CONJUGE;FHEMIG FUND HOSPITALAR EST MG;2396,99;BARBACENA;MG;2025-01-15;2025-01-17;2025-01-24;Janeiro;6
189183;2024-11-12;PAI OU MAE;SECRETARIA DE EDUCACAO;1518,0;NOVA PONTE;MG;2024-11-12;2024-11-12;2025-01-24;Janeiro;54
189185;2023-12-30;CONJUGE;SEC DE PLANEJAMENTO E GESTAO;4713,82;BELO HORIZONTE;MG;2024-01-29;2025-01-20;2025-01-24;Janeiro;5
189187;2024-08-24;CONJUGE;SECRETARIA DE JUSTICA E SEGURANCA PUBLICA;8181,0;RIBEIRAO DAS NEVES;MG;2024-10-24;2025-01-20;2025-01-24;Janeiro;5
189188;2024-12-17;CONJUGE;POLICIA CIVIL;12158,9;BARBACENA;MG;2024-12-23;2025-01-22;2025-01-24;Janeiro;3
189190;2024-12-16;EX-CONJUGE COM PENSAO ALIMENTICIA;SEC DE PLANEJAMENTO E GESTAO;2363,9;BELO HORIZONTE;MG;2024-12-16;2024-12-16;2025-01-24;Janeiro;30
189191;2024-12-09;CONJUGE;SECRETARIA DE EDUCACAO;1951,7;BELO HORIZONTE;MG;2024-12-27;2025-01-22;2025-01-24;Janeiro;3
189192;2024-12-08;CONJUGE;IPSEMG INSTITUTO PREVIDENCIA;3588,89;CATAGUASES;MG;2025-01-16;2025-01-22;2025-01-24;Janeiro;3
189193;2024-12-25;CONJUGE;POLICIA CIVIL;10728,44;BELO HORIZONTE;MG;2025-01-17;2025-01-22;2025-01-24;Janeiro;3
189196;2024-12-23;CONJUGE;SECRETARIA DE EDUCACAO;2757,7;ANDRELANDIA;MG;2025-01-20;2025-01-22;2025-01-24;Janeiro;3
189197;2014-03-14;COMPANHEIRO(A);SECRETARIA DA EDUCACAO;8714,85;JABOTICATUBAS;MG;2014-03-14;2025-01-22;2025-01-24;Janeiro;3
189198;2024-12-26;CONJUGE;SECRETARIA DE ESTADO DE EDUCACAO;3225,25;GUAPE;MG;2025-01-16;2025-01-22;2025-01-24;Janeiro;3
189200;2017-05-04;FILHO(A) INVALIDO(A);SECRETARIA DE ESTADO DE EDUCACAO;1518,0;TEOFILO OTONI;MG;2017-05-29;2017-05-29;2025-01-24;Janeiro;2000
189201;2025-01-11;CONJUGE;DEPARTAMENTO DE EDIFICACOES E ESTRADAS DE RODAGEM;1870,18;VARGINHA;MG;2025-01-17;2025-01-22;2025-01-24;Janeiro;3
189203;2024-12-30;CONJUGE;SECRETARIA DE EDUCACAO;4894,28;PASSOS;MG;2025-01-13;2025-01-22;2025-01-27;Janeiro;4
189204;2024-11-26;CONJUGE;SECRETARIA DE EDUCACAO;2833,54;NOVA SERRANA;MG;2025-01-07;2025-01-23;2025-01-24;Janeiro;2
189205;2024-11-05;CONJUGE;TRIBUNAL DE CONTAS DO ESTADO DE MINAS GERAIS;41708,22;BELO HORIZONTE;MG;2025-01-20;2025-01-23;2025-01-24;Janeiro;2
189206;2023-10-09;COMPANHEIRO(A);DEPARTAMENTO DE EDIFICACOES E ESTRADAS DE RODAGEM;2402,47;ITABIRA;MG;2023-12-05;2025-01-23;2025-01-24;Janeiro;2
189207;2025-01-08;CONJUGE;SECRETARIA DE SAUDE;1627,41;VARGINHA;MG;2025-01-08;2025-01-23;2025-01-24;Janeiro;2
189208;2024-07-15;CONJUGE;DEPARTAMENTO DE EDIFICACOES E ESTRADAS DE RODAGEM;1817,05;IBIRITE;MG;2024-08-26;2024-12-30;2025-01-24;Janeiro;20
189210;2024-11-09;CONJUGE;SECRETARIA DE EDUCACAO;2969,2;BETIM;MG;2024-11-22;2025-01-09;2025-01-24;Janeiro;12
189212;2025-01-10;CONJUGE;SECRETARIA DE EDUCACAO;1942,38;POUSO ALEGRE;MG;2025-01-20;2025-01-23;2025-01-24;Janeiro;2
189213;2025-01-06;CONJUGE;SECRETARIA DA FAZENDA;23467,49;BELO HORIZONTE;MG;2025-01-16;2025-01-23;2025-01-27;Janeiro;3
189215;2025-01-24;COMPANHEIRO(A);DER DEP ESTRADAS E RODAGEM MG;6267,61;CORONEL FABRICIANO;MG;2024-05-13;2025-01-23;2025-01-24;Janeiro;2
189216;2025-01-20;CONJUGE;SECRETARIA DA FAZENDA;7639,13;TARUMIRIM;MG;2025-01-20;2025-01-23;2025-01-27;Janeiro;3
189217;2025-01-20;FILHO(A);SECRETARIA DA FAZENDA;7639,13;TARUMIRIM;MG;2025-01-20;2025-01-23;2025-01-27;Janeiro;3
189218;2024-11-18;CONJUGE;SECRETARIA DE EDUCACAO;1982,78;CONTAGEM;MG;2025-01-21;2025-01-23;2025-01-24;Janeiro;2
189219;2024-12-09;FILHO(A);SECRETARIA DA FAZENDA;1518,0;SAO JOSE DA LAPA;MG;2024-12-09;2025-01-23;2025-01-27;Janeiro;3
189220;2024-12-09;FILHO(A);SECRETARIA DA FAZENDA;1518,0;SAO JOSE DA LAPA;MG;2024-12-09;2025-01-23;2025-01-27;Janeiro;3
189221;2024-12-12;FILHO(A);SECRETARIA DE EDUCACAO;1518,0;BURITIZEIRO;MG;2025-01-10;2025-01-23;2025-01-24;Janeiro;2
189223;2025-01-11;CONJUGE;DEPARTAMENTO DE EDIFICACOES E ESTRADAS DE RODAGEM;1987,06;VARGINHA;MG;2025-01-20;2025-01-24;2025-01-24;Janeiro;1
189224;2025-01-04;CONJUGE;POLICIA CIVIL;12100,82;CAMPO DO MEIO;MG;2025-01-22;2025-01-23;2025-01-27;Janeiro;3
189226;2024-09-12;COMPANHEIRO(A);TRIBUNAL DE JUSTICA DO ESTADO DE MINAS GERAIS;24590,4;PARAISOPOLIS;MG;2024-10-18;2024-10-24;2025-01-27;Janeiro;68
189227;2024-11-30;CONJUGE;SECRETARIA DE EDUCACAO;1518,0;BELO HORIZONTE;MG;2025-01-21;2025-01-24;2025-01-29;Janeiro;4
189228;2025-01-04;CONJUGE;SECRETARIA DE SAUDE;2913,14;ANDRELANDIA;MG;2025-01-21;2025-01-23;2025-01-27;Janeiro;3
189229;2025-01-07;CONJUGE;DEPARTAMENTO DE EDIFICACOES E ESTRADAS DE RODAGEM;1603,01;OLIVEIRA;MG;2025-01-22;2025-01-27;2025-01-28;Janeiro;2
189232;2024-12-31;CONJUGE;SECRETARIA DE EDUCACAO;3380,99;LAGOA DA PRATA;MG;2025-01-08;2025-01-08;2025-02-13;Fevereiro;27
189238;2025-02-01;FILHO(A);SECRETARIA DE EDUCACAO;1518,0;LAGOA DOS PATOS;MG;2025-01-09;2024-11-21;2025-02-05;Fevereiro;55
189239;2024-12-01;CONJUGE;DEPARTAMENTO DE EDIFICACOES E ESTRADAS DE RODAGEM;3919,84;BELO HORIZONTE;MG;2025-01-22;2025-01-27;2025-01-28;Janeiro;2
189241;2024-11-26;COMPANHEIRO(A);SECRETARIA DE EDUCACAO;2108,67;PIRAPORA;MG;2025-01-22;2025-01-28;2025-01-29;Janeiro;2
189242;2025-01-14;CONJUGE;DEPARTAMENTO DE EDIFICACOES E ESTRADAS DE RODAGEM;2558,86;ARACUAI;MG;2025-01-21;2025-01-27;2025-01-29;Janeiro;3
189243;2024-12-28;CONJUGE;UNIMONTES UNIV MONTES CLAROS;3459,83;MONTES CLAROS;MG;2025-01-22;2025-01-27;2025-01-28;Janeiro;2
189244;2024-12-28;FILHO(A);UNIMONTES UNIV MONTES CLAROS;3459,83;MONTES CLAROS;MG;2025-01-23;2025-01-27;2025-01-28;Janeiro;2
189245;2024-12-28;FILHO(A);UNIMONTES UNIV MONTES CLAROS;3459,83;MONTES CLAROS;MG;2025-01-24;2025-01-27;2025-01-28;Janeiro;2
189246;2025-01-02;CONJUGE;POLICIA CIVIL;12100,83;BELO HORIZONTE;MG;2025-01-23;2025-01-28;2025-01-29;Janeiro;2
189249;2024-11-08;CONJUGE;SECRETARIA DE EDUCACAO;3211,91;GOVERNADOR VALADARES;MG;2025-01-23;2025-02-12;2025-02-13;Fevereiro;2
189250;2024-04-02;CONJUGE;SECRETARIA DA EDUCACAO;1518,0;LIBERDADE;MG;2024-05-03;2025-01-28;2025-01-29;Janeiro;2
189251;2024-12-07;CONJUGE;SECRETARIA DE EDUCACAO;1518,0;SAO DOMINGOS DO PRATA;MG;2025-01-23;2025-01-28;2025-01-31;Janeiro;4
189256;2024-12-31;EX-CONJUGE COM PENSAO ALIMENTICIA;MINISTERIO PUBLICO DO ESTADO DE MINAS GERAIS - PROCURADORIA GERAL DA JUSTICA;30953,83;BRUMADINHO;MG;2025-01-15;2025-01-15;2025-01-30;Janeiro;12
189258;2024-12-31;COMPANHEIRO(A);MINISTERIO PUBLICO DO ESTADO DE MINAS GERAIS - PROCURADORIA GERAL DA JUSTICA;30953,83;BELO HORIZONTE;MG;2025-01-16;2025-01-29;2025-01-30;Janeiro;2
189264;2024-12-25;CONJUGE;DEPARTAMENTO DE EDIFICACOES E ESTRADAS DE RODAGEM;1747,93;DESEMBARGADOR OTONI;MG;2025-01-22;2025-01-27;2025-01-29;Janeiro;3
189267;2024-11-25;CONJUGE;SECRETARIA DE EDUCACAO;4445,67;CAMPOS GERAIS;MG;2025-01-14;2025-01-29;2025-01-30;Janeiro;2
189268;2025-01-19;CONJUGE;SEC DE PLANEJAMENTO E GESTAO;7383,62;BELO HORIZONTE;MG;2025-01-24;2025-01-24;2025-02-03;Fevereiro;7
189271;2024-11-15;CONJUGE;SECRETARIA DE ESTADO DE GOVERNO;4262,07;BELO HORIZONTE;MG;2025-01-24;2025-01-24;2025-02-03;Fevereiro;7
189273;2024-11-12;CONJUGE;SECRETARIA DE EDUCACAO;1518,0;UBERLANDIA;MG;2025-01-24;2025-01-24;2025-01-31;Janeiro;6
189275;2024-12-14;CONJUGE;DEPARTAMENTO DE ESTRADAS DE RODAGEM DO ESTADO DE MINAS GERAIS - DER-MG;1688,35;GUANHAES;MG;2025-01-28;2025-01-30;2025-01-30;Janeiro;1
189277;2025-02-01;FILHO(A);SECRETARIA DE EDUCACAO;1518,0;CORONEL FABRICIANO;MG;2024-09-06;2024-10-22;2025-02-03;Fevereiro;75
189278;2025-02-01;FILHO(A);SECRETARIA DE EDUCACAO;1518,0;CORONEL FABRICIANO;MG;2024-06-06;2024-10-22;2025-02-03;Fevereiro;75
189281;2024-04-10;COMPANHEIRO(A);SECRETARIA DE EDUCACAO;1518,0;ALFENAS;MG;2024-06-26;2025-01-29;2025-02-03;Fevereiro;4
189282;2025-01-19;CONJUGE;IPSEMG INSTITUTO PREVIDENCIA;12514,1;BELO HORIZONTE;MG;2025-01-27;2025-01-29;2025-01-31;Janeiro;3
189285;2024-12-28;CONJUGE;FHEMIG FUND HOSPITALAR EST MG;2075,94;JUIZ DE FORA;MG;2025-01-24;2025-01-29;2025-02-03;Fevereiro;4
189286;2024-12-16;CONJUGE;SECRETARIA DE EDUCACAO;2805,12;CORDISBURGO;MG;2025-01-24;2025-01-29;2025-01-31;Janeiro;3
189287;2024-12-06;CONJUGE;SECRETARIA DE EDUCACAO;4078,8;VARGINHA;MG;2025-01-27;2025-01-29;2025-01-31;Janeiro;3
189288;2024-08-05;CONJUGE;SECRETARIA DE EDUCACAO;2315,56;CONCEICAO DE IPANEMA;MG;2024-08-09;2025-01-29;2025-01-31;Janeiro;3
189289;2025-01-17;CONJUGE;IPSEMG INSTITUTO PREVIDENCIA;3079,63;BELO HORIZONTE;MG;2025-01-24;2025-01-29;2025-01-31;Janeiro;3
189291;2025-01-27;CONJUGE;SECRETARIA DE EDUCACAO;2597,21;SAO JOAO EVANGELISTA;MG;2025-01-27;2025-01-29;2025-01-31;Janeiro;3
189292;2025-01-16;CONJUGE;MINISTERIO PUBLICO DO ESTADO DE MINAS GERAIS - PROCURADORIA GERAL DA JUSTICA;30805,96;BELO HORIZONTE;MG;2025-01-30;2025-01-30;2025-01-31;Janeiro;2
189293;2023-11-26;FILHO(A) INVALIDO(A);TRIBUNAL DE JUSTICA DO ESTADO DE MINAS GERAIS;13467,16;BELO HORIZONTE;MG;2024-01-18;2024-01-18;2025-01-31;Janeiro;272
189295;2024-09-15;CONJUGE;TRIBUNAL DE JUSTICA DO ESTADO DE MINAS GERAIS;15519,57;POCOS DE CALDAS;MG;2024-12-09;2025-01-30;2025-01-31;Janeiro;2
189297;2025-01-16;CONJUGE;SECRETARIA DE EDUCACAO;3350,15;BETIM;MG;2025-01-28;2025-01-31;2025-02-03;Fevereiro;2
189298;2025-01-18;CONJUGE;IPSEMG INSTITUTO PREVIDENCIA;2413,77;CONTAGEM;MG;2025-01-27;2025-01-29;2025-02-03;Fevereiro;4
189299;2025-01-13;CONJUGE;SECRETARIA DE EDUCACAO;1518,0;MONTES CLAROS;MG;2025-01-29;2025-01-31;2025-02-03;Fevereiro;2
189303;2025-01-21;CONJUGE;SECRETARIA DE EDUCACAO;3580,49;CARANDAI;MG;2025-01-27;2025-01-31;2025-02-04;Fevereiro;3
189306;2024-10-22;CONJUGE;SECRETARIA DE EDUCACAO;1518,0;SETE LAGOAS;MG;2024-12-23;2025-01-31;2025-02-04;Fevereiro;3
189307;2024-12-02;CONJUGE;SECRETARIA DA FAZENDA;2083,95;BELO HORIZONTE;MG;2024-12-02;2024-12-16;2025-02-03;Fevereiro;36
189309;2024-12-28;CONJUGE;SECRETARIA DA FAZENDA;33480,79;JUIZ DE FORA;MG;2025-01-13;2025-02-03;2025-02-04;Fevereiro;2
189311;2024-12-18;CONJUGE;SECRETARIA DE EDUCACAO;1518,0;IPANEMA;MG;2025-01-06;2025-02-03;2025-02-06;Fevereiro;4
189313;2024-08-09;FILHO(A) INVALIDO(A);SECRETARIA DE EDUCACAO;2794,09;ALMENARA;MG;2024-08-09;2024-08-09;2025-02-04;Fevereiro;128
189315;2024-11-03;CONJUGE;SECRETARIA DE EDUCACAO;3730,87;JANAUBA;MG;2025-01-28;2025-01-31;2025-02-04;Fevereiro;3
189316;2024-12-29;CONJUGE;DEPARTAMENTO DE EDIFICACOES E ESTRADAS DE RODAGEM;6432,82;BELO HORIZONTE;MG;2025-01-13;2025-02-03;2025-02-04;Fevereiro;2
189318;2023-11-26;COMPANHEIRO(A);DEPARTAMENTO DE EDIFICACOES E ESTRADAS DE RODAGEM;6853,72;ARAGUARI;MG;2024-01-09;2025-02-03;2025-02-04;Fevereiro;2
189319;2025-01-25;CONJUGE;TRIBUNAL DE CONTAS DO ESTADO DE MINAS GERAIS;35270,17;BELO HORIZONTE;MG;2025-01-30;2025-02-03;2025-02-04;Fevereiro;2
189320;2024-12-03;CONJUGE;SECRETARIA DE EDUCACAO;1518,0;BETIM;MG;2025-01-13;2025-02-03;2025-02-05;Fevereiro;3
189321;2024-12-20;CONJUGE;TRIBUNAL DE JUSTICA DO ESTADO DE MINAS GERAIS;13695,44;VISCONDE DO RIO BRANCO;MG;2025-01-31;2025-02-03;2025-02-05;Fevereiro;3
189322;2025-01-22;CONJUGE;POLICIA CIVIL;12100,82;POCOS DE CALDAS;MG;2025-01-30;2025-02-03;2025-02-04;Fevereiro;2
189326;2024-12-20;CONJUGE;SEC DE PLANEJAMENTO E GESTAO;3753,35;BELO HORIZONTE;MG;2025-02-03;2025-02-03;2025-02-05;Fevereiro;3
189327;2025-01-07;CONJUGE;SECRETARIA DE EDUCACAO;2477,81;PASSOS;MG;2025-01-15;2025-02-04;2025-02-07;Fevereiro;4
189328;2025-01-10;CONJUGE;SECRETARIA DE ESTADO DE EDUCACAO;2624,59;GUIRICEMA;MG;2025-01-27;2025-01-30;2025-02-05;Fevereiro;5
189332;2025-01-28;CONJUGE;POLICIA CIVIL;4963,82;TIMOTEO;MG;2025-01-28;2025-01-28;2025-02-07;Fevereiro;9
189333;2024-12-06;CONJUGE;SECRETARIA DE JUSTICA E SEGURANCA PUBLICA;3971,39;CONTAGEM;MG;2025-01-20;2025-02-09;2025-02-10;Fevereiro;1
189334;2024-12-06;FILHO(A);SECRETARIA DE JUSTICA E SEGURANCA PUBLICA;3971,39;CONTAGEM;MG;2025-01-06;2025-02-09;2025-02-10;Fevereiro;1
189335;2024-12-06;FILHO(A);SECRETARIA DE JUSTICA E SEGURANCA PUBLICA;3971,39;CONTAGEM;MG;2025-01-06;2025-02-09;2025-02-10;Fevereiro;1
189336;2024-12-06;FILHO(A);SECRETARIA DE JUSTICA E SEGURANCA PUBLICA;3971,39;CONTAGEM;MG;2025-01-20;2025-02-09;2025-02-10;Fevereiro;1
189340;2025-01-22;CONJUGE;SECRETARIA DE EDUCACAO;1518,0;JUVENILIA;MG;2025-01-22;2025-02-05;2025-02-07;Fevereiro;3
189341;2024-11-17;CONJUGE;SECRETARIA DE EDUCACAO;2979,56;UBERLANDIA;MG;2024-12-30;2025-02-05;2025-02-05;Fevereiro;1
189343;2025-02-03;CONJUGE;DEPARTAMENTO DE EDIFICACOES E ESTRADAS DE RODAGEM;2397,52;MARIO CAMPOS;MG;2025-02-03;2025-02-05;2025-02-06;Fevereiro;2
189344;2024-12-31;CONJUGE;SECRETARIA DE EDUCACAO;1602,88;OURO PRETO;MG;2025-02-04;2025-02-05;2025-02-07;Fevereiro;3
189345;2025-01-12;CONJUGE;SECRETARIA DE SAUDE;1518,0;CONTAGEM;MG;2025-02-03;2025-02-05;2025-02-06;Fevereiro;2
189350;2024-11-01;CONJUGE;SECRETARIA DE EDUCACAO;1518,0;SANTA LUZIA;MG;2025-01-20;2025-01-31;2025-02-07;Fevereiro;6
189356;2024-11-10;CONJUGE;SECRETARIA DE EDUCACAO;3273,34;ARAXA;MG;2024-12-18;2025-01-13;2025-02-06;Fevereiro;19
189360;2024-11-19;CONJUGE;SECRETARIA DE EDUCACAO;1518,0;BERTOPOLIS;MG;2025-01-16;2025-01-21;2025-02-06;Fevereiro;13
189365;2024-09-29;CONJUGE;SECRETARIA DE EDUCACAO;1518,0;BOM JESUS DO AMPARO;MG;2024-12-27;2025-01-09;2025-02-07;Fevereiro;22
189366;2025-01-02;CONJUGE;SECRETARIA DE SAUDE;3143,62;BOCAIUVA;MG;2025-01-25;2025-02-05;2025-02-07;Fevereiro;3
189367;2024-12-10;CONJUGE;SECRETARIA DE EDUCACAO;7295,63;SANTANA DO PARAISO;MG;2024-12-23;2025-02-06;2025-02-11;Fevereiro;4
189368;2024-11-13;CONJUGE;SECRETARIA DE EDUCACAO;1939,64;MARIANA;MG;2025-01-21;2025-02-06;2025-02-07;Fevereiro;2
189369;2025-01-17;CONJUGE;SECRETARIA DE ESTADO DE INFRAESTRUTURA, MOBILIDADE E PARCERIAS;1518,0;BELO HORIZONTE;MG;2025-01-24;2025-02-05;2025-02-07;Fevereiro;3
189370;2024-12-19;CONJUGE;TRIBUNAL DE JUSTICA DO ESTADO DE MINAS GERAIS;30953,83;BELO HORIZONTE;MG;2024-02-04;2025-02-06;2025-02-07;Fevereiro;2
189371;2025-01-26;CONJUGE;POLICIA CIVIL;5387,11;UBERABA;MG;2025-02-04;2025-02-05;2025-02-07;Fevereiro;3
189372;2025-01-26;FILHO(A);POLICIA CIVIL;5387,11;UBERABA;MG;2025-02-04;2025-02-05;2025-02-07;Fevereiro;3
189373;2025-01-21;CONJUGE;SECRETARIA DE EDUCACAO;3219,37;BOCAIUVA;MG;2025-01-21;2025-02-05;2025-02-10;Fevereiro;4
189374;2025-01-03;CONJUGE;POLICIA CIVIL;13311,82;CONTAGEM;MG;2025-01-16;2025-02-06;2025-02-10;Fevereiro;3
189375;2025-01-03;FILHO(A);POLICIA CIVIL;13311,82;BELO HORIZONTE;MG;2025-02-06;2025-02-06;2025-02-10;Fevereiro;3
189376;2025-01-19;CONJUGE;SECRETARIA DE EDUCACAO;2091,72;LAGOA SANTA;MG;2025-02-04;2025-02-05;2025-02-11;Fevereiro;5
189383;2025-01-19;CONJUGE;SECRETARIA DE EDUCACAO;1942,38;ARICANDUVA;MG;2025-01-28;2025-02-04;2025-02-11;Fevereiro;6
189384;2025-01-06;CONJUGE;POLICIA CIVIL;8772,81;IGARAPE;MG;2025-01-28;2025-02-07;2025-02-11;Fevereiro;3
189385;2024-12-31;CONJUGE;SECRETARIA DE EDUCACAO;1518,0;CARATINGA;MG;2025-02-04;2025-02-07;2025-02-11;Fevereiro;3
189387;2025-01-16;CONJUGE;DEPARTAMENTO DE ESTRADAS DE RODAGEM DO ESTADO DE MINAS GERAIS - DER-MG;1912,68;PEDRA AZUL;MG;2025-01-27;2025-02-10;2025-02-11;Fevereiro;2
189393;2024-11-24;CONJUGE;SECRETARIA DE SAUDE;1518,0;MONTES CLAROS;MG;2025-02-07;2025-02-11;2025-02-13;Fevereiro;3
189394;2024-09-03;FILHO(A) INVALIDO(A);SECRETARIA DE EDUCACAO;2827,83;RIBEIRAO DAS NEVES;MG;2024-10-02;2024-10-02;2025-02-13;Fevereiro;97
189395;2024-12-20;CONJUGE;DEPARTAMENTO DE EDIFICACOES E ESTRADAS DE RODAGEM;3919,84;CURVELO;MG;2025-02-06;2025-02-11;2025-02-13;Fevereiro;3
189399;2025-01-21;CONJUGE;SECRETARIA DE EDUCACAO;1923,65;DIVINOPOLIS;MG;2025-01-31;2025-02-05;2025-02-13;Fevereiro;7
189401;2024-12-11;CONJUGE;SECRETARIA DE EDUCACAO;3403,5;SERTAOZINHO;SP;2024-12-11;2025-02-10;2025-02-21;Fevereiro;10
189402;2025-01-12;CONJUGE;SECRETARIA DE GOVERNO;5520,73;BELO HORIZONTE;MG;2025-02-11;2025-02-12;2025-02-12;Fevereiro;1
189403;2025-01-14;CONJUGE;SECRETARIA DE ESTADO DE EDUCACAO;1518,0;DIVINOPOLIS;MG;2025-02-03;2025-02-10;2025-02-13;Fevereiro;4
189404;2024-08-22;FILHO(A) INVALIDO(A);SEC DE PLANEJAMENTO E GESTAO;2907,99;BRUMADINHO;MG;2024-08-22;2024-08-22;2025-02-13;Fevereiro;126
189405;2025-01-03;CONJUGE;POLICIA CIVIL;12100,82;BRUMADINHO;MG;2025-01-24;2025-02-12;2025-02-14;Fevereiro;3
189406;2024-11-08;COMPANHEIRO(A);SECRETARIA DE SAUDE;4315,04;BOTELHOS;MG;2025-01-28;2025-02-11;2025-02-21;Fevereiro;9
189412;2024-12-25;CONJUGE;SECRETARIA DE EDUCACAO;1976,3;OURO PRETO;MG;2025-01-31;2025-02-11;2025-02-14;Fevereiro;4
189413;2025-01-14;CONJUGE;SECRETARIA DE EDUCACAO;1518,0;BELO HORIZONTE;MG;2025-02-13;2025-02-13;2025-02-14;Fevereiro;2
189414;2025-01-13;CONJUGE;TRIBUNAL DE JUSTICA DO ESTADO DE MINAS GERAIS;10518,75;MACHADO;MG;2025-02-05;2025-02-10;2025-02-14;Fevereiro;5
189416;2025-02-02;CONJUGE;SECRETARIA DE EDUCACAO;1518,0;SAO SEBASTIAO DA VARGEM ALEGRE;MG;2025-02-10;2025-02-13;2025-02-18;Fevereiro;4
189423;2024-04-25;COMPANHEIRO(A);POLICIA CIVIL;12184,81;BELO HORIZONTE;MG;2024-04-25;2025-02-14;2025-02-17;Fevereiro;2
189425;2025-01-05;CONJUGE;SECRETARIA DE EDUCACAO;3018,97;PAINEIRAS;MG;2025-01-15;2025-02-14;2025-02-18;Fevereiro;3
189427;2025-01-22;CONJUGE;SECRETARIA DE EDUCACAO;2548,57;PARA DE MINAS;MG;2025-02-03;2025-02-04;2025-02-17;Fevereiro;10
189428;2025-01-04;CONJUGE;SECRETARIA DE EDUCACAO;4210,19;BELO HORIZONTE;MG;2025-02-04;2025-02-14;2025-02-17;Fevereiro;2
189429;2025-02-11;CONJUGE;SECRETARIA DE EDUCACAO;2867,63;BELO HORIZONTE;MG;2025-02-11;2025-02-14;2025-02-17;Fevereiro;2
189430;2024-12-20;CONJUGE;SECRETARIA DE EDUCACAO;2000,5;POTE;MG;2025-01-30;2025-02-14;2025-02-17;Fevereiro;2
189431;2024-10-28;CONJUGE;SECRETARIA DA FAZENDA;34712,21;BELO HORIZONTE;MG;2024-12-23;2025-02-17;2025-02-18;Fevereiro;2
189432;2025-01-14;CONJUGE;SECRETARIA DE EDUCACAO;2921,55;RIBEIRAO DAS NEVES;MG;2025-02-13;2025-02-14;2025-02-18;Fevereiro;3
189436;2016-12-22;COMPANHEIRO(A);DEPARTAMENTO DE EDIFICACOES E ESTRADAS DE RODAGEM;9554,04;BELO HORIZONTE;MG;2019-09-11;2025-02-14;2025-02-17;Fevereiro;2
189437;2025-01-09;CONJUGE;ASSEMBLEIA LEGISLATIVA DO ESTADO DE MINAS GERAIS;41845,49;BELO HORIZONTE;MG;2025-02-05;2025-02-14;2025-02-21;Fevereiro;6
189438;2025-01-09;FILHO(A);ASSEMBLEIA LEGISLATIVA DO ESTADO DE MINAS GERAIS;41845,49;BELO HORIZONTE;MG;2025-02-05;2025-02-14;2025-02-21;Fevereiro;6
189440;2025-01-30;CONJUGE;SECRETARIA DE EDUCACAO;1942,38;POUSO ALEGRE;MG;2025-02-10;2025-02-13;2025-02-21;Fevereiro;7
189447;2025-01-26;COMPANHEIRO(A);POLICIA CIVIL;11744,9;CONTAGEM;MG;2025-01-30;2025-02-11;2025-02-21;Fevereiro;9
189450;2024-12-10;CONJUGE;SECRETARIA DE EDUCACAO;3022,2;PARAGUACU;MG;2025-01-20;2025-02-18;2025-02-21;Fevereiro;4
189452;2025-01-30;CONJUGE;SECRETARIA DE EDUCACAO;3426,03;ARAGUARI;MG;2025-02-04;2025-02-18;2025-02-21;Fevereiro;4
189459;2025-01-03;CONJUGE;SEC DE PLANEJAMENTO E GESTAO;5139,3;PASSOS;MG;2025-02-06;2025-02-18;2025-02-21;Fevereiro;4
189475;2025-01-26;CONJUGE;SECRETARIA DA FAZENDA;26481,34;BUGRE;MG;2025-02-12;2025-02-13;2025-02-21;Fevereiro;7
189476;2025-01-26;FILHO(A);SECRETARIA DA FAZENDA;26481,34;BUGRE;MG;2025-02-12;2025-02-13;2025-02-21;Fevereiro;7
189477;2024-12-15;CONJUGE;SECRETARIA DA FAZENDA;4261,28;CRISTAIS;MG;2025-01-22;2025-02-19;2025-02-21;Fevereiro;3
189479;2025-02-21;FILHO(A) INVALIDO(A);SECRETARIA DA EDUCACAO;11203,3;POMPEU;MG;2024-09-09;2024-09-09;2025-02-21;Fevereiro;120
189482;2024-12-12;CONJUGE;SECRETARIA DE JUSTICA E SEGURANCA PUBLICA;2643,9;SAO PEDRO DO AVAI;MG;2024-12-12;2025-02-17;2025-02-21;Fevereiro;5
189483;2024-09-08;FILHO(A);SECRETARIA DE JUSTICA E SEGURANCA PUBLICA;2643,9;SAO PEDRO DO AVAI;MG;2024-12-12;2025-02-17;2025-02-21;Fevereiro;5
189484;2025-01-09;CONJUGE;SECRETARIA DE ESTADO DE EDUCACAO;1518,0;CATUJI;MG;2025-02-13;2025-02-19;2025-02-21;Fevereiro;3
189485;2025-01-31;CONJUGE;SECRETARIA DE EDUCACAO;2425,76;BETIM;MG;2025-02-13;2025-02-19;2025-02-21;Fevereiro;3
189487;2025-02-22;CONJUGE;SECRETARIA DA FAZENDA;33119,43;JUIZ DE FORA;MG;2025-01-03;2025-01-28;2025-02-24;Fevereiro;20
189490;2025-01-18;CONJUGE;SECRETARIA DE EDUCACAO;2605,71;SANTO ANTONIO DO MONTE;MG;2025-02-18;2025-02-20;2025-02-21;Fevereiro;2
189492;2024-12-20;CONJUGE;DEPARTAMENTO DE ESTRADAS DE RODAGEM DO ESTADO DE MINAS GERAIS - DER-MG;3197,92;IPATINGA;MG;2025-01-10;2025-02-04;2025-02-21;Fevereiro;14
189497;2024-11-08;CONJUGE;DEPARTAMENTO DE EDIFICACOES E ESTRADAS DE RODAGEM;1863,28;PATOS DE MINAS;MG;2025-02-03;2025-02-20;2025-02-21;Fevereiro;2
189500;2025-01-28;CONJUGE;SECRETARIA DE DESENVOLVIMENTO ECONOMICO;1633,61;BELO HORIZONTE;MG;2025-02-14;2025-02-20;2025-02-21;Fevereiro;2
189502;2024-11-14;CONJUGE;POLICIA MILITAR DO ESTADO DE MINAS GERAIS;2380,52;LUISBURGO;MG;2024-11-14;2024-11-14;2025-02-24;Fevereiro;73
189503;2024-11-14;FILHO(A);POLICIA MILITAR DO ESTADO DE MINAS GERAIS;2380,52;LUISBURGO;MG;2024-11-14;2024-11-14;2025-02-24;Fevereiro;73
189504;2024-11-14;FILHO(A);POLICIA MILITAR DO ESTADO DE MINAS GERAIS;2380,52;MANHUACU;MG;2024-11-14;2024-11-14;2025-02-24;Fevereiro;73
189506;2024-11-08;CONJUGE;SECRETARIA DE ESTADO DE DESENVOLVIMENTO SOCIAL;1518,0;ITAMBACURI;MG;2025-01-22;2025-02-12;2025-02-21;Fevereiro;8
